email,alt_email,password,phoneNo,studentId,firstname,lastname,nickname,userCode,role,major,groupId
khxsanchokun@gmail.com,supanat.aems@kmutt.ac.th,409039,0834409039,69130500065,ศุภณัฐ,เอมสมุท,โชกุน,,FRESHY,IT,5
depresodff@gmail.com,peeraphat.noiy@kmutt.ac.th,951160,0618951160,69130501027,พีรภัทร,น้อยแย้ม,P,,FRESHY,DSI,5
jediapisit@gmail.com,apisitchuk@kmutt.ac.th,391168,0645391168,69130501040,อภิสิทธิ์,ชูคง,เจได,,FRESHY,DSI,5
wachirapon.tean@mail.kmutt.ac.th,,490787,0975490787,69130501032,วชิราพร,เทียนภู่,ข้าวฟ่าง,,FRESHY,DSI,5
mr.ssrenz@gmail.com,puwanat.ruji@kmutt.ac.th,782553,0631782553,69130500047,ภูวณัฏฐ์,รุจิราธัญวัฒน์,พีพี,,FRESHY,IT,5
saraythxngraks25@gmail.com,phongsakon.thon@kmutt.ac.th,462690,0824462690,69130500037,พงศกร,ทองรักษ์,ธันวา,,FRESHY,IT,5
pakapol.mong@mail.kmutt.ac.th,,432749,0994432749,69130500821,Pakapol,Mongkhonthanarak,Bom,,FRESHY,CS,5
mooksupaksara@gmail.com,,267336,0989267336,69130501039,สุภักสรา,ศักดาเพชรศิริ,มุกหอม,,FRESHY,DSI,5
yannawutplang2150@gmail.com,yanawut.kraws@mail.kmutt.ac.th,165031,0806165031,69130500014,ญาณวุฒิ,แก้วสายคุ้ม,เพลง,,FRESHY,IT,5
damrongwitkraikruan@gmail.com,damrongwit.krai@kmutt.ac.th,272334,0931272334,69130500083,ดำรงวิทย์,ใคร่ครวญ,เกม,,FRESHY,IT,5
zeesuwanpiboon@gmail.com,,749352,0612749352,,เอื้อกิจกรณ์,สุวรรณพิบูลย์,ไซม่อน,,FRESHY,IT,5
nicha.mindmind@gmail.com,nichakorn.nipa@kmutt.ac.th,633112,0942633112,69130501015,ณิชากร,นิภาธรวงษ์,มายด์,,FRESHY,DSI,5
bunnylexovii@gmail.com,nititada.kaor@kmutt.ac.th,342503,0968342503,69130500030,นิติธาดา,เคารพธรรม,เตอร์,,FRESHY,IT,5
keuaphasit.kho@gmail.com,keuaphasit.kongt@kmutt.ac.th,515577,0641515577,69130500004,เกื้อพสิษฐ์,คงธนชุณหพร,บอส,,FRESHY,IT,5
paphawin.ryu@gmail.com,paphawin.sawa@kmutt.ac.th,923289,0929923289,,ปภาวิน,แสวงการ,ริว,,FRESHY,DSI,5
kooykey@gmail.com,pwattanarangsee@gmail.com,283231,0855283231,,ปาณชัย,วัฒนรังษี,โตโต้,,FRESHY,CS,5
tata.27089zaza@gmail.com,tawanrat.sittib@mail.kmutt.ac.th,511740,0928511740,69130500024,ธวัลรัตน์,สิทธิบวรสกุล,ตาต้า,,FRESHY,IT,5
atbonus1@gmail.com,suppanat.phet@kmutt.ac.th,860754,0960860754,69130500064,ศุภณัฐ,เพชรแท้,โบนัส,,FRESHY,IT,5
bellpasuda@gmail.com,pasuda.kany@kmutt.ac.th,416593,0926416593,69130501046,ปสุดา,กัญญาธนกุล,โซเบว,,FRESHY,DSI,5
nathadachachrapu1anon@gmail.com,nathadach.achi@kmutt.ac.th,609019,0982609019,69130501008,ณธเดช,อชิรภูวนนท์,ข้าวเจ้า,,FRESHY,DSI,5